id,severity,kind,generic_name,source,column,safe_to_apply,requires_approval,summary,evidence_url,current_value,proposed_value
new_pubmed_phase_ii_iii_rct-36dac3217b6d,high,new_pubmed_phase_ii_iii_rct,brivaracetam,PubMed,pubmed_phase_ii_iii_rct_links,True,False,"New qualifying placebo-controlled randomized phase II/III ASM trial report: A randomized, double-blind, placebo-controlled, time-to-event study of the efficacy and safety of JNJ-40411813 in combination with levetiracetam or brivaracetam in patients with focal onset seizures.",https://pubmed.ncbi.nlm.nih.gov/41175011/,Yu2026|https://pubmed.ncbi.nlm.nih.gov/42092987/; Inoue2024|https://pubmed.ncbi.nlm.nih.gov/38576178/; Bast2022|https://pubmed.ncbi.nlm.nih.gov/35844134/; Kalviainen2015|https://pubmed.ncbi.nlm.nih.gov/26666500/; Klein2015|https://pubmed.ncbi.nlm.nih.gov/26471380/; Ryvlin2013|https://pubmed.ncbi.nlm.nih.gov/24256083/; Kwan2013|https://pubmed.ncbi.nlm.nih.gov/24116853/; Biton2013|https://pubmed.ncbi.nlm.nih.gov/24446953/; VanPaesschen2012|https://pubmed.ncbi.nlm.nih.gov/22813235/; French2010|https://pubmed.ncbi.nlm.nih.gov/20592253/,French2025|https://pubmed.ncbi.nlm.nih.gov/41175011/
new_pubmed_phase_ii_iii_rct-7dcd25e54640,high,new_pubmed_phase_ii_iii_rct,brivaracetam,PubMed,pubmed_phase_ii_iii_rct_links,True,False,New qualifying placebo-controlled randomized phase II/III ASM trial report: Tolerability and efficacy of adjunctive brivaracetam in adults with focal seizures by concomitant antiseizure medication use: Pooled results from three phase 3 trials.,https://pubmed.ncbi.nlm.nih.gov/35582748/,Yu2026|https://pubmed.ncbi.nlm.nih.gov/42092987/; Inoue2024|https://pubmed.ncbi.nlm.nih.gov/38576178/; Bast2022|https://pubmed.ncbi.nlm.nih.gov/35844134/; Kalviainen2015|https://pubmed.ncbi.nlm.nih.gov/26666500/; Klein2015|https://pubmed.ncbi.nlm.nih.gov/26471380/; Ryvlin2013|https://pubmed.ncbi.nlm.nih.gov/24256083/; Kwan2013|https://pubmed.ncbi.nlm.nih.gov/24116853/; Biton2013|https://pubmed.ncbi.nlm.nih.gov/24446953/; VanPaesschen2012|https://pubmed.ncbi.nlm.nih.gov/22813235/; French2010|https://pubmed.ncbi.nlm.nih.gov/20592253/,Ryvlin2022|https://pubmed.ncbi.nlm.nih.gov/35582748/
new_pubmed_phase_ii_iii_rct-0e04ac73a88c,high,new_pubmed_phase_ii_iii_rct,brivaracetam,PubMed,pubmed_phase_ii_iii_rct_links,True,False,New qualifying placebo-controlled randomized phase II/III ASM trial report: Time to onset of sustained ≥50% responder status in patients with focal (partial-onset) seizures in three phase III studies of adjunctive brivaracetam treatment.,https://pubmed.ncbi.nlm.nih.gov/27988967/,Yu2026|https://pubmed.ncbi.nlm.nih.gov/42092987/; Inoue2024|https://pubmed.ncbi.nlm.nih.gov/38576178/; Bast2022|https://pubmed.ncbi.nlm.nih.gov/35844134/; Kalviainen2015|https://pubmed.ncbi.nlm.nih.gov/26666500/; Klein2015|https://pubmed.ncbi.nlm.nih.gov/26471380/; Ryvlin2013|https://pubmed.ncbi.nlm.nih.gov/24256083/; Kwan2013|https://pubmed.ncbi.nlm.nih.gov/24116853/; Biton2013|https://pubmed.ncbi.nlm.nih.gov/24446953/; VanPaesschen2012|https://pubmed.ncbi.nlm.nih.gov/22813235/; French2010|https://pubmed.ncbi.nlm.nih.gov/20592253/,Klein2016|https://pubmed.ncbi.nlm.nih.gov/27988967/
new_pubmed_phase_ii_iii_rct-bf86fd5eeede,high,new_pubmed_phase_ii_iii_rct,brivaracetam,PubMed,pubmed_phase_ii_iii_rct_links,True,False,"New qualifying placebo-controlled randomized phase II/III ASM trial report: Efficacy, safety, and tolerability of adjunctive brivaracetam for secondarily generalized tonic-clonic seizures: Pooled results from three Phase III studies.",https://pubmed.ncbi.nlm.nih.gov/27608437/,Yu2026|https://pubmed.ncbi.nlm.nih.gov/42092987/; Inoue2024|https://pubmed.ncbi.nlm.nih.gov/38576178/; Bast2022|https://pubmed.ncbi.nlm.nih.gov/35844134/; Kalviainen2015|https://pubmed.ncbi.nlm.nih.gov/26666500/; Klein2015|https://pubmed.ncbi.nlm.nih.gov/26471380/; Ryvlin2013|https://pubmed.ncbi.nlm.nih.gov/24256083/; Kwan2013|https://pubmed.ncbi.nlm.nih.gov/24116853/; Biton2013|https://pubmed.ncbi.nlm.nih.gov/24446953/; VanPaesschen2012|https://pubmed.ncbi.nlm.nih.gov/22813235/; French2010|https://pubmed.ncbi.nlm.nih.gov/20592253/,Moseley2016|https://pubmed.ncbi.nlm.nih.gov/27608437/
rct_pubmed_concordance_problem-6d5ae6d6977d,high,rct_pubmed_concordance_problem,brivaracetam,PubMed,pubmed_phase_ii_iii_rct_links,False,True,Existing RCT link may be assigned to the wrong drug or may not meet the phase II/III placebo-controlled randomized epilepsy criteria: title lacks seizure/epilepsy context.,https://pubmed.ncbi.nlm.nih.gov/26666500/,Kalviainen2015|https://pubmed.ncbi.nlm.nih.gov/26666500/,update_check on 07-12-2026: PMID 26666500 needs manual review for brivaracetam; PubMed validation reason: title lacks seizure/epilepsy context.
new_pubmed_phase_ii_iii_rct-d91d47f056de,high,new_pubmed_phase_ii_iii_rct,cannabidiol,PubMed,pubmed_phase_ii_iii_rct_links,True,False,New qualifying placebo-controlled randomized phase II/III ASM trial report: Time to onset of cannabidiol (CBD) treatment effect in Lennox-Gastaut syndrome: Analysis from two randomized controlled trials.,https://pubmed.ncbi.nlm.nih.gov/33797076/,OBrien2022|https://pubmed.ncbi.nlm.nih.gov/35802375/; Thiele2021|https://pubmed.ncbi.nlm.nih.gov/33346789/; Miller2020|https://pubmed.ncbi.nlm.nih.gov/32119035/; Thiele2018|https://pubmed.ncbi.nlm.nih.gov/29395273/; Devinsky2018b|https://pubmed.ncbi.nlm.nih.gov/29768152/; Devinsky2018|https://pubmed.ncbi.nlm.nih.gov/29540584/; Devinsky2017|https://pubmed.ncbi.nlm.nih.gov/28538134/,Privitera2021|https://pubmed.ncbi.nlm.nih.gov/33797076/
rct_pubmed_concordance_problem-ef54d365309e,high,rct_pubmed_concordance_problem,cannabidiol,PubMed,pubmed_phase_ii_iii_rct_links,False,True,Existing RCT link may be assigned to the wrong drug or may not meet the phase II/III placebo-controlled randomized epilepsy criteria: drug appears in title but not as primary intervention.,https://pubmed.ncbi.nlm.nih.gov/32119035/,Miller2020|https://pubmed.ncbi.nlm.nih.gov/32119035/,update_check on 07-12-2026: PMID 32119035 needs manual review for cannabidiol; PubMed validation reason: drug appears in title but not as primary intervention.
new_pubmed_phase_ii_iii_rct-303d9d3df1b8,high,new_pubmed_phase_ii_iii_rct,carbamazepine,PubMed,pubmed_phase_ii_iii_rct_links,True,False,"New qualifying placebo-controlled randomized phase II/III ASM trial report: Improvement in verbal memory after withdrawal of carbamazepine and valproate in patients with well-controlled epilepsy: a randomized, double-blind study.",https://pubmed.ncbi.nlm.nih.gov/20955400/,Sobaniec2004|https://pubmed.ncbi.nlm.nih.gov/15156070/,Hessen2010|https://pubmed.ncbi.nlm.nih.gov/20955400/
new_pubmed_phase_ii_iii_rct-a1968776c0bf,high,new_pubmed_phase_ii_iii_rct,cenobamate,PubMed,pubmed_phase_ii_iii_rct_links,True,False,"New qualifying placebo-controlled randomized phase II/III ASM trial report: Early response rates with adjunctive cenobamate in uncontrolled focal seizures: Prospective analysis of a randomized, double-blind, placebo-controlled study in a multinational Asian population.",https://pubmed.ncbi.nlm.nih.gov/41230998/,Lee2025|https://pubmed.ncbi.nlm.nih.gov/41144696/; Vossler2020|https://pubmed.ncbi.nlm.nih.gov/32313503/; Chung2020|https://pubmed.ncbi.nlm.nih.gov/32409485/; Krauss2019|https://pubmed.ncbi.nlm.nih.gov/31734103/; KasteleijnNolstTrenite2019|https://pubmed.ncbi.nlm.nih.gov/31292226/,Kawai2025|https://pubmed.ncbi.nlm.nih.gov/41230998/
new_pubmed_phase_ii_iii_rct-ed4728049b06,high,new_pubmed_phase_ii_iii_rct,cenobamate,PubMed,pubmed_phase_ii_iii_rct_links,True,False,"New qualifying placebo-controlled randomized phase II/III ASM trial report: Efficacy of adjunctive cenobamate by focal seizure subtypes: a randomized, double-blind, placebo-controlled, multicenter study in a multinational Asian population.",https://pubmed.ncbi.nlm.nih.gov/41101116/,Lee2025|https://pubmed.ncbi.nlm.nih.gov/41144696/; Vossler2020|https://pubmed.ncbi.nlm.nih.gov/32313503/; Chung2020|https://pubmed.ncbi.nlm.nih.gov/32409485/; Krauss2019|https://pubmed.ncbi.nlm.nih.gov/31734103/; KasteleijnNolstTrenite2019|https://pubmed.ncbi.nlm.nih.gov/31292226/,Wu2025|https://pubmed.ncbi.nlm.nih.gov/41101116/
rct_pubmed_concordance_problem-06915fbc8910,high,rct_pubmed_concordance_problem,cenobamate,PubMed,pubmed_phase_ii_iii_rct_links,False,True,Existing RCT link may be assigned to the wrong drug or may not meet the phase II/III placebo-controlled randomized epilepsy criteria: title lacks primary randomized/placebo/phase trial language.,https://pubmed.ncbi.nlm.nih.gov/31292226/,KasteleijnNolstTrenite2019|https://pubmed.ncbi.nlm.nih.gov/31292226/,update_check on 07-12-2026: PMID 31292226 needs manual review for cenobamate; PubMed validation reason: title lacks primary randomized/placebo/phase trial language.
new_or_missing_approved_asm-6bd09ca4211e,high,new_or_missing_approved_asm,ciclopirox,FDA/openFDA,generic_name,True,False,Medication candidate 'ciclopirox' was found in external source(s) but not in ASM-list.csv. FDA/openFDA confirmation supports adding a skeletal row. Evidence: openFDA label indication text matched 'epilepsy'; effective_time=20230124,https://api.fda.gov/drug/label.json?search=indications_and_usage%3A%22epilepsy%22&limit=100,,ciclopirox
new_or_missing_approved_asm-c0b2237a85c4,high,new_or_missing_approved_asm,clozapine,FDA/openFDA,generic_name,True,False,Medication candidate 'clozapine' was found in external source(s) but not in ASM-list.csv. FDA/openFDA confirmation supports adding a skeletal row. Evidence: openFDA label indication text matched 'seizure'; effective_time=20260313,https://api.fda.gov/drug/label.json?search=indications_and_usage%3A%22seizure%22&limit=100,,clozapine
new_pubmed_phase_ii_iii_rct-4f97f15211c4,high,new_pubmed_phase_ii_iii_rct,eslicarbazepine acetate,PubMed,pubmed_phase_ii_iii_rct_links,True,False,New qualifying placebo-controlled randomized phase II/III ASM trial report: Psychiatric adverse events in three phase III trials of eslicarbazepine acetate for focal seizures.,https://pubmed.ncbi.nlm.nih.gov/35908275/,Koepp2026|https://pubmed.ncbi.nlm.nih.gov/41722592/; Kirkham2020|https://pubmed.ncbi.nlm.nih.gov/32151803/; Mintzer2018|https://pubmed.ncbi.nlm.nih.gov/29499473/; Sperling2014|https://pubmed.ncbi.nlm.nih.gov/25528898/; BenMenachem2010|https://pubmed.ncbi.nlm.nih.gov/20299189/; GilNagel2009|https://pubmed.ncbi.nlm.nih.gov/19832771/; Elger2009|https://pubmed.ncbi.nlm.nih.gov/19243424/; Elger2007|https://pubmed.ncbi.nlm.nih.gov/17319919/,Altalib2022|https://pubmed.ncbi.nlm.nih.gov/35908275/
new_pubmed_phase_ii_iii_rct-7c89be073150,high,new_pubmed_phase_ii_iii_rct,eslicarbazepine acetate,PubMed,pubmed_phase_ii_iii_rct_links,True,False,New qualifying placebo-controlled randomized phase II/III ASM trial report: Effects of adjunctive eslicarbazepine acetate on neurocognitive functioning in children with refractory focal-onset seizures.,https://pubmed.ncbi.nlm.nih.gov/29454255/,Koepp2026|https://pubmed.ncbi.nlm.nih.gov/41722592/; Kirkham2020|https://pubmed.ncbi.nlm.nih.gov/32151803/; Mintzer2018|https://pubmed.ncbi.nlm.nih.gov/29499473/; Sperling2014|https://pubmed.ncbi.nlm.nih.gov/25528898/; BenMenachem2010|https://pubmed.ncbi.nlm.nih.gov/20299189/; GilNagel2009|https://pubmed.ncbi.nlm.nih.gov/19832771/; Elger2009|https://pubmed.ncbi.nlm.nih.gov/19243424/; Elger2007|https://pubmed.ncbi.nlm.nih.gov/17319919/,Jozwiak2018|https://pubmed.ncbi.nlm.nih.gov/29454255/
new_pubmed_phase_ii_iii_rct-f74a46017ce4,high,new_pubmed_phase_ii_iii_rct,eslicarbazepine acetate,PubMed,pubmed_phase_ii_iii_rct_links,True,False,New qualifying placebo-controlled randomized phase II/III ASM trial report: Pooled efficacy and safety of eslicarbazepine acetate as add-on treatment in patients with focal-onset seizures: Data from four double-blind placebo-controlled pivotal phase III clinical studies.,https://pubmed.ncbi.nlm.nih.gov/29030894/,Koepp2026|https://pubmed.ncbi.nlm.nih.gov/41722592/; Kirkham2020|https://pubmed.ncbi.nlm.nih.gov/32151803/; Mintzer2018|https://pubmed.ncbi.nlm.nih.gov/29499473/; Sperling2014|https://pubmed.ncbi.nlm.nih.gov/25528898/; BenMenachem2010|https://pubmed.ncbi.nlm.nih.gov/20299189/; GilNagel2009|https://pubmed.ncbi.nlm.nih.gov/19832771/; Elger2009|https://pubmed.ncbi.nlm.nih.gov/19243424/; Elger2007|https://pubmed.ncbi.nlm.nih.gov/17319919/,Elger2017|https://pubmed.ncbi.nlm.nih.gov/29030894/
new_pubmed_phase_ii_iii_rct-c63a58b1612c,high,new_pubmed_phase_ii_iii_rct,eslicarbazepine acetate,PubMed,pubmed_phase_ii_iii_rct_links,True,False,New qualifying placebo-controlled randomized phase II/III ASM trial report: Severity and burden of partial-onset seizures in a phase III trial of eslicarbazepine acetate.,https://pubmed.ncbi.nlm.nih.gov/26575256/,Koepp2026|https://pubmed.ncbi.nlm.nih.gov/41722592/; Kirkham2020|https://pubmed.ncbi.nlm.nih.gov/32151803/; Mintzer2018|https://pubmed.ncbi.nlm.nih.gov/29499473/; Sperling2014|https://pubmed.ncbi.nlm.nih.gov/25528898/; BenMenachem2010|https://pubmed.ncbi.nlm.nih.gov/20299189/; GilNagel2009|https://pubmed.ncbi.nlm.nih.gov/19832771/; Elger2009|https://pubmed.ncbi.nlm.nih.gov/19243424/; Elger2007|https://pubmed.ncbi.nlm.nih.gov/17319919/,Cramer2015|https://pubmed.ncbi.nlm.nih.gov/26575256/
rct_pubmed_concordance_problem-cfd09f52f1c7,high,rct_pubmed_concordance_problem,eslicarbazepine acetate,PubMed,pubmed_phase_ii_iii_rct_links,False,True,Existing RCT link may be assigned to the wrong drug or may not meet the phase II/III placebo-controlled randomized epilepsy criteria: title lacks primary randomized/placebo/phase trial language.,https://pubmed.ncbi.nlm.nih.gov/20299189/,BenMenachem2010|https://pubmed.ncbi.nlm.nih.gov/20299189/,update_check on 07-12-2026: PMID 20299189 needs manual review for eslicarbazepine acetate; PubMed validation reason: title lacks primary randomized/placebo/phase trial language.
rct_pubmed_concordance_problem-1b450013c69a,high,rct_pubmed_concordance_problem,eslicarbazepine acetate,PubMed,pubmed_phase_ii_iii_rct_links,False,True,Existing RCT link may be assigned to the wrong drug or may not meet the phase II/III placebo-controlled randomized epilepsy criteria: title lacks primary randomized/placebo/phase trial language.,https://pubmed.ncbi.nlm.nih.gov/19832771/,GilNagel2009|https://pubmed.ncbi.nlm.nih.gov/19832771/,update_check on 07-12-2026: PMID 19832771 needs manual review for eslicarbazepine acetate; PubMed validation reason: title lacks primary randomized/placebo/phase trial language.
rct_pubmed_concordance_problem-75bedb40c543,high,rct_pubmed_concordance_problem,ezogabine,PubMed,pubmed_phase_ii_iii_rct_links,False,True,Existing RCT link may be assigned to the wrong drug or may not meet the phase II/III placebo-controlled randomized epilepsy criteria: title lacks primary randomized/placebo/phase trial language.,https://pubmed.ncbi.nlm.nih.gov/20944074/,Brodie2010|https://pubmed.ncbi.nlm.nih.gov/20944074/,update_check on 07-12-2026: PMID 20944074 needs manual review for ezogabine; PubMed validation reason: title lacks primary randomized/placebo/phase trial language.
rct_pubmed_concordance_problem-a708f600775e,high,rct_pubmed_concordance_problem,felbamate,PubMed,pubmed_phase_ii_iii_rct_links,False,True,Existing RCT link may be assigned to the wrong drug or may not meet the phase II/III placebo-controlled randomized epilepsy criteria: title lacks primary randomized/placebo/phase trial language.,https://pubmed.ncbi.nlm.nih.gov/10210023/,Siegel1999|https://pubmed.ncbi.nlm.nih.gov/10210023/,update_check on 07-12-2026: PMID 10210023 needs manual review for felbamate; PubMed validation reason: title lacks primary randomized/placebo/phase trial language.
rct_pubmed_concordance_problem-db620f822c76,high,rct_pubmed_concordance_problem,felbamate,PubMed,pubmed_phase_ii_iii_rct_links,False,True,Existing RCT link may be assigned to the wrong drug or may not meet the phase II/III placebo-controlled randomized epilepsy criteria: title lacks primary randomized/placebo/phase trial language.,https://pubmed.ncbi.nlm.nih.gov/7796796/,Devinsky1995|https://pubmed.ncbi.nlm.nih.gov/7796796/,update_check on 07-12-2026: PMID 7796796 needs manual review for felbamate; PubMed validation reason: title lacks primary randomized/placebo/phase trial language.
rct_pubmed_concordance_problem-699156479952,high,rct_pubmed_concordance_problem,felbamate,PubMed,pubmed_phase_ii_iii_rct_links,False,True,Existing RCT link may be assigned to the wrong drug or may not meet the phase II/III placebo-controlled randomized epilepsy criteria: title lacks primary randomized/placebo/phase trial language.,https://pubmed.ncbi.nlm.nih.gov/8347179/,FelbamateStudyGroupinLennoxGastautSyndrome1993|https://pubmed.ncbi.nlm.nih.gov/8347179/,update_check on 07-12-2026: PMID 8347179 needs manual review for felbamate; PubMed validation reason: title lacks primary randomized/placebo/phase trial language.
new_or_missing_approved_asm-9afa902268b6,high,new_or_missing_approved_asm,flumazenil,FDA/openFDA,generic_name,True,False,Medication candidate 'flumazenil' was found in external source(s) but not in ASM-list.csv. FDA/openFDA confirmation supports adding a skeletal row. Evidence: openFDA label indication text matched 'status epilepticus'; effective_time=20251020,https://api.fda.gov/drug/label.json?search=indications_and_usage%3A%22status+epilepticus%22&limit=100,,flumazenil
rct_pubmed_concordance_problem-5fa0291a44d9,high,rct_pubmed_concordance_problem,gabapentin,PubMed,pubmed_phase_ii_iii_rct_links,False,True,Existing RCT link may be assigned to the wrong drug or may not meet the phase II/III placebo-controlled randomized epilepsy criteria: title lacks primary randomized/placebo/phase trial language.,https://pubmed.ncbi.nlm.nih.gov/1971862/,PMID1990|https://pubmed.ncbi.nlm.nih.gov/1971862/,update_check on 07-12-2026: PMID 1971862 needs manual review for gabapentin; PubMed validation reason: title lacks primary randomized/placebo/phase trial language.
rct_pubmed_concordance_problem-f21f62f016b2,high,rct_pubmed_concordance_problem,ganaxolone,PubMed,pubmed_phase_ii_iii_rct_links,False,True,Existing RCT link may be assigned to the wrong drug or may not meet the phase II/III placebo-controlled randomized epilepsy criteria: title lacks seizure/epilepsy context.,https://pubmed.ncbi.nlm.nih.gov/35429480/,Knight2022|https://pubmed.ncbi.nlm.nih.gov/35429480/,update_check on 07-12-2026: PMID 35429480 needs manual review for ganaxolone; PubMed validation reason: title lacks seizure/epilepsy context.
new_pubmed_phase_ii_iii_rct-bf8800252922,high,new_pubmed_phase_ii_iii_rct,lacosamide,PubMed,pubmed_phase_ii_iii_rct_links,True,False,"New qualifying placebo-controlled randomized phase II/III ASM trial report: Safety and tolerability of lacosamide as adjunctive therapy for adults with partial-onset seizures: Analysis of data pooled from three randomized, double-blind, placebo-controlled clinical trials.",https://pubmed.ncbi.nlm.nih.gov/26414341/,Makedonska2024|https://pubmed.ncbi.nlm.nih.gov/38375995/; Vossler2020|https://pubmed.ncbi.nlm.nih.gov/32817358/; Farkas2019|https://pubmed.ncbi.nlm.nih.gov/31462582/; FoldvarySchaefer2017|https://pubmed.ncbi.nlm.nih.gov/28866338/; Hong2016|https://pubmed.ncbi.nlm.nih.gov/27669155/; Rudd2015|https://pubmed.ncbi.nlm.nih.gov/25933358/; Chung2010|https://pubmed.ncbi.nlm.nih.gov/20132285/; Halasz2009|https://pubmed.ncbi.nlm.nih.gov/19183227/; BenMenachem2007|https://pubmed.ncbi.nlm.nih.gov/17635557/,Biton2015|https://pubmed.ncbi.nlm.nih.gov/26414341/
rct_pubmed_concordance_problem-ac5668444658,high,rct_pubmed_concordance_problem,lacosamide,PubMed,pubmed_phase_ii_iii_rct_links,False,True,Existing RCT link may be assigned to the wrong drug or may not meet the phase II/III placebo-controlled randomized epilepsy criteria: title lacks primary randomized/placebo/phase trial language.,https://pubmed.ncbi.nlm.nih.gov/38375995/,Makedonska2024|https://pubmed.ncbi.nlm.nih.gov/38375995/,update_check on 07-12-2026: PMID 38375995 needs manual review for lacosamide; PubMed validation reason: title lacks primary randomized/placebo/phase trial language.
rct_pubmed_concordance_problem-8ab059fc3f77,high,rct_pubmed_concordance_problem,lacosamide,PubMed,pubmed_phase_ii_iii_rct_links,False,True,Existing RCT link may be assigned to the wrong drug or may not meet the phase II/III placebo-controlled randomized epilepsy criteria: title lacks primary randomized/placebo/phase trial language.,https://pubmed.ncbi.nlm.nih.gov/31462582/,Farkas2019|https://pubmed.ncbi.nlm.nih.gov/31462582/,update_check on 07-12-2026: PMID 31462582 needs manual review for lacosamide; PubMed validation reason: title lacks primary randomized/placebo/phase trial language.
rct_pubmed_concordance_problem-4cd517de97e9,high,rct_pubmed_concordance_problem,lacosamide,PubMed,pubmed_phase_ii_iii_rct_links,False,True,Existing RCT link may be assigned to the wrong drug or may not meet the phase II/III placebo-controlled randomized epilepsy criteria: title lacks primary randomized/placebo/phase trial language.,https://pubmed.ncbi.nlm.nih.gov/17635557/,BenMenachem2007|https://pubmed.ncbi.nlm.nih.gov/17635557/,update_check on 07-12-2026: PMID 17635557 needs manual review for lacosamide; PubMed validation reason: title lacks primary randomized/placebo/phase trial language.
rct_pubmed_concordance_problem-f288e479840a,high,rct_pubmed_concordance_problem,lamotrigine,PubMed,pubmed_phase_ii_iii_rct_links,False,True,Existing RCT link may be assigned to the wrong drug or may not meet the phase II/III placebo-controlled randomized epilepsy criteria: title lacks primary randomized/placebo/phase trial language.,https://pubmed.ncbi.nlm.nih.gov/17938371/,Naritoku2007|https://pubmed.ncbi.nlm.nih.gov/17938371/,update_check on 07-12-2026: PMID 17938371 needs manual review for lamotrigine; PubMed validation reason: title lacks primary randomized/placebo/phase trial language.
rct_pubmed_concordance_problem-298b64861dc0,high,rct_pubmed_concordance_problem,lamotrigine,PubMed,pubmed_phase_ii_iii_rct_links,False,True,Existing RCT link may be assigned to the wrong drug or may not meet the phase II/III placebo-controlled randomized epilepsy criteria: title lacks primary randomized/placebo/phase trial language.,https://pubmed.ncbi.nlm.nih.gov/16847080/,Trevathan2006|https://pubmed.ncbi.nlm.nih.gov/16847080/,update_check on 07-12-2026: PMID 16847080 needs manual review for lamotrigine; PubMed validation reason: title lacks primary randomized/placebo/phase trial language.
rct_pubmed_concordance_problem-14890f602f07,high,rct_pubmed_concordance_problem,lamotrigine,PubMed,pubmed_phase_ii_iii_rct_links,False,True,Existing RCT link may be assigned to the wrong drug or may not meet the phase II/III placebo-controlled randomized epilepsy criteria: title lacks primary randomized/placebo/phase trial language.,https://pubmed.ncbi.nlm.nih.gov/10403222/,Frank1999|https://pubmed.ncbi.nlm.nih.gov/10403222/,update_check on 07-12-2026: PMID 10403222 needs manual review for lamotrigine; PubMed validation reason: title lacks primary randomized/placebo/phase trial language.
rct_pubmed_concordance_problem-dbf9587a2d25,high,rct_pubmed_concordance_problem,lamotrigine,PubMed,pubmed_phase_ii_iii_rct_links,False,True,Existing RCT link may be assigned to the wrong drug or may not meet the phase II/III placebo-controlled randomized epilepsy criteria: title lacks primary randomized/placebo/phase trial language.,https://pubmed.ncbi.nlm.nih.gov/9400037/,Motte1997|https://pubmed.ncbi.nlm.nih.gov/9400037/,update_check on 07-12-2026: PMID 9400037 needs manual review for lamotrigine; PubMed validation reason: title lacks primary randomized/placebo/phase trial language.
new_pubmed_phase_ii_iii_rct-8b7ad605cd48,high,new_pubmed_phase_ii_iii_rct,levetiracetam,PubMed,pubmed_phase_ii_iii_rct_links,True,False,"New qualifying placebo-controlled randomized phase II/III ASM trial report: A randomized, double-blind, placebo-controlled, time-to-event study of the efficacy and safety of JNJ-40411813 in combination with levetiracetam or brivaracetam in patients with focal onset seizures.",https://pubmed.ncbi.nlm.nih.gov/41175011/,PeterDerex2022|https://pubmed.ncbi.nlm.nih.gov/35963261/; Wu2018|https://pubmed.ncbi.nlm.nih.gov/30525116/; Navarro2015|https://pubmed.ncbi.nlm.nih.gov/26627366/; Larsson2012|https://pubmed.ncbi.nlm.nih.gov/22494796/; Fattore2011|https://pubmed.ncbi.nlm.nih.gov/21320119/; Xiao2009|https://pubmed.ncbi.nlm.nih.gov/19176965/; PinaGarza2009|https://pubmed.ncbi.nlm.nih.gov/19243423/; Peltola2009|https://pubmed.ncbi.nlm.nih.gov/19317886/; Wu2008|https://pubmed.ncbi.nlm.nih.gov/18657175/; Berkovic2007|https://pubmed.ncbi.nlm.nih.gov/17625106/; Tsai2006|https://pubmed.ncbi.nlm.nih.gov/16417534/; Glauser2006|https://pubmed.ncbi.nlm.nih.gov/16641323/; Boon2002|https://pubmed.ncbi.nlm.nih.gov/11823112/; Shorvon2000|https://pubmed.ncbi.nlm.nih.gov/10999557/; Cereghino2000|https://pubmed.ncbi.nlm.nih.gov/10908898/; Betts2000|https://pubmed.ncbi.nlm.nih.gov/10845730/; BenMenachem2000|https://pubmed.ncbi.nlm.nih.gov/11051122/,French2025|https://pubmed.ncbi.nlm.nih.gov/41175011/
new_pubmed_phase_ii_iii_rct-16b3cb361b31,high,new_pubmed_phase_ii_iii_rct,levetiracetam,PubMed,pubmed_phase_ii_iii_rct_links,True,False,New qualifying placebo-controlled randomized phase II/III ASM trial report: High-frequency oscillations in epileptic and non-epileptic Alzheimer's disease patients and the differential effect of levetiracetam on the oscillations.,https://pubmed.ncbi.nlm.nih.gov/39949405/,PeterDerex2022|https://pubmed.ncbi.nlm.nih.gov/35963261/; Wu2018|https://pubmed.ncbi.nlm.nih.gov/30525116/; Navarro2015|https://pubmed.ncbi.nlm.nih.gov/26627366/; Larsson2012|https://pubmed.ncbi.nlm.nih.gov/22494796/; Fattore2011|https://pubmed.ncbi.nlm.nih.gov/21320119/; Xiao2009|https://pubmed.ncbi.nlm.nih.gov/19176965/; PinaGarza2009|https://pubmed.ncbi.nlm.nih.gov/19243423/; Peltola2009|https://pubmed.ncbi.nlm.nih.gov/19317886/; Wu2008|https://pubmed.ncbi.nlm.nih.gov/18657175/; Berkovic2007|https://pubmed.ncbi.nlm.nih.gov/17625106/; Tsai2006|https://pubmed.ncbi.nlm.nih.gov/16417534/; Glauser2006|https://pubmed.ncbi.nlm.nih.gov/16641323/; Boon2002|https://pubmed.ncbi.nlm.nih.gov/11823112/; Shorvon2000|https://pubmed.ncbi.nlm.nih.gov/10999557/; Cereghino2000|https://pubmed.ncbi.nlm.nih.gov/10908898/; Betts2000|https://pubmed.ncbi.nlm.nih.gov/10845730/; BenMenachem2000|https://pubmed.ncbi.nlm.nih.gov/11051122/,Shandilya2025|https://pubmed.ncbi.nlm.nih.gov/39949405/
new_pubmed_phase_ii_iii_rct-fdad5246446e,high,new_pubmed_phase_ii_iii_rct,levetiracetam,PubMed,pubmed_phase_ii_iii_rct_links,True,False,"New qualifying placebo-controlled randomized phase II/III ASM trial report: Assessment of behavioral and emotional functioning using standardized instruments in children and adolescents with partial-onset seizures treated with adjunctive levetiracetam in a randomized, placebo-controlled trial.",https://pubmed.ncbi.nlm.nih.gov/20547106/,PeterDerex2022|https://pubmed.ncbi.nlm.nih.gov/35963261/; Wu2018|https://pubmed.ncbi.nlm.nih.gov/30525116/; Navarro2015|https://pubmed.ncbi.nlm.nih.gov/26627366/; Larsson2012|https://pubmed.ncbi.nlm.nih.gov/22494796/; Fattore2011|https://pubmed.ncbi.nlm.nih.gov/21320119/; Xiao2009|https://pubmed.ncbi.nlm.nih.gov/19176965/; PinaGarza2009|https://pubmed.ncbi.nlm.nih.gov/19243423/; Peltola2009|https://pubmed.ncbi.nlm.nih.gov/19317886/; Wu2008|https://pubmed.ncbi.nlm.nih.gov/18657175/; Berkovic2007|https://pubmed.ncbi.nlm.nih.gov/17625106/; Tsai2006|https://pubmed.ncbi.nlm.nih.gov/16417534/; Glauser2006|https://pubmed.ncbi.nlm.nih.gov/16641323/; Boon2002|https://pubmed.ncbi.nlm.nih.gov/11823112/; Shorvon2000|https://pubmed.ncbi.nlm.nih.gov/10999557/; Cereghino2000|https://pubmed.ncbi.nlm.nih.gov/10908898/; Betts2000|https://pubmed.ncbi.nlm.nih.gov/10845730/; BenMenachem2000|https://pubmed.ncbi.nlm.nih.gov/11051122/,delaLoge2010|https://pubmed.ncbi.nlm.nih.gov/20547106/
new_pubmed_phase_ii_iii_rct-651ffcb4747d,high,new_pubmed_phase_ii_iii_rct,levetiracetam,PubMed,pubmed_phase_ii_iii_rct_links,True,False,"New qualifying placebo-controlled randomized phase II/III ASM trial report: Neurocognitive effects of adjunctive levetiracetam in children with partial-onset seizures: a randomized, double-blind, placebo-controlled, noninferiority trial.",https://pubmed.ncbi.nlm.nih.gov/19702752/,PeterDerex2022|https://pubmed.ncbi.nlm.nih.gov/35963261/; Wu2018|https://pubmed.ncbi.nlm.nih.gov/30525116/; Navarro2015|https://pubmed.ncbi.nlm.nih.gov/26627366/; Larsson2012|https://pubmed.ncbi.nlm.nih.gov/22494796/; Fattore2011|https://pubmed.ncbi.nlm.nih.gov/21320119/; Xiao2009|https://pubmed.ncbi.nlm.nih.gov/19176965/; PinaGarza2009|https://pubmed.ncbi.nlm.nih.gov/19243423/; Peltola2009|https://pubmed.ncbi.nlm.nih.gov/19317886/; Wu2008|https://pubmed.ncbi.nlm.nih.gov/18657175/; Berkovic2007|https://pubmed.ncbi.nlm.nih.gov/17625106/; Tsai2006|https://pubmed.ncbi.nlm.nih.gov/16417534/; Glauser2006|https://pubmed.ncbi.nlm.nih.gov/16641323/; Boon2002|https://pubmed.ncbi.nlm.nih.gov/11823112/; Shorvon2000|https://pubmed.ncbi.nlm.nih.gov/10999557/; Cereghino2000|https://pubmed.ncbi.nlm.nih.gov/10908898/; Betts2000|https://pubmed.ncbi.nlm.nih.gov/10845730/; BenMenachem2000|https://pubmed.ncbi.nlm.nih.gov/11051122/,Levisohn2009|https://pubmed.ncbi.nlm.nih.gov/19702752/
new_pubmed_phase_ii_iii_rct-10982ca5dd1f,high,new_pubmed_phase_ii_iii_rct,levetiracetam,PubMed,pubmed_phase_ii_iii_rct_links,True,False,"New qualifying placebo-controlled randomized phase II/III ASM trial report: Levetiracetam as add-on therapy for idiopathic generalized epilepsy syndromes with onset during adolescence: analysis of two randomized, double-blind, placebo-controlled studies.",https://pubmed.ncbi.nlm.nih.gov/19327967/,PeterDerex2022|https://pubmed.ncbi.nlm.nih.gov/35963261/; Wu2018|https://pubmed.ncbi.nlm.nih.gov/30525116/; Navarro2015|https://pubmed.ncbi.nlm.nih.gov/26627366/; Larsson2012|https://pubmed.ncbi.nlm.nih.gov/22494796/; Fattore2011|https://pubmed.ncbi.nlm.nih.gov/21320119/; Xiao2009|https://pubmed.ncbi.nlm.nih.gov/19176965/; PinaGarza2009|https://pubmed.ncbi.nlm.nih.gov/19243423/; Peltola2009|https://pubmed.ncbi.nlm.nih.gov/19317886/; Wu2008|https://pubmed.ncbi.nlm.nih.gov/18657175/; Berkovic2007|https://pubmed.ncbi.nlm.nih.gov/17625106/; Tsai2006|https://pubmed.ncbi.nlm.nih.gov/16417534/; Glauser2006|https://pubmed.ncbi.nlm.nih.gov/16641323/; Boon2002|https://pubmed.ncbi.nlm.nih.gov/11823112/; Shorvon2000|https://pubmed.ncbi.nlm.nih.gov/10999557/; Cereghino2000|https://pubmed.ncbi.nlm.nih.gov/10908898/; Betts2000|https://pubmed.ncbi.nlm.nih.gov/10845730/; BenMenachem2000|https://pubmed.ncbi.nlm.nih.gov/11051122/,Rosenfeld2009|https://pubmed.ncbi.nlm.nih.gov/19327967/
new_pubmed_phase_ii_iii_rct-5f6244068644,high,new_pubmed_phase_ii_iii_rct,levetiracetam,PubMed,pubmed_phase_ii_iii_rct_links,True,False,New qualifying placebo-controlled randomized phase II/III ASM trial report: Effects of levetiracetam as an add-on therapy on cognitive function and quality of life in patients with refractory partial seizures.,https://pubmed.ncbi.nlm.nih.gov/18024209/,PeterDerex2022|https://pubmed.ncbi.nlm.nih.gov/35963261/; Wu2018|https://pubmed.ncbi.nlm.nih.gov/30525116/; Navarro2015|https://pubmed.ncbi.nlm.nih.gov/26627366/; Larsson2012|https://pubmed.ncbi.nlm.nih.gov/22494796/; Fattore2011|https://pubmed.ncbi.nlm.nih.gov/21320119/; Xiao2009|https://pubmed.ncbi.nlm.nih.gov/19176965/; PinaGarza2009|https://pubmed.ncbi.nlm.nih.gov/19243423/; Peltola2009|https://pubmed.ncbi.nlm.nih.gov/19317886/; Wu2008|https://pubmed.ncbi.nlm.nih.gov/18657175/; Berkovic2007|https://pubmed.ncbi.nlm.nih.gov/17625106/; Tsai2006|https://pubmed.ncbi.nlm.nih.gov/16417534/; Glauser2006|https://pubmed.ncbi.nlm.nih.gov/16641323/; Boon2002|https://pubmed.ncbi.nlm.nih.gov/11823112/; Shorvon2000|https://pubmed.ncbi.nlm.nih.gov/10999557/; Cereghino2000|https://pubmed.ncbi.nlm.nih.gov/10908898/; Betts2000|https://pubmed.ncbi.nlm.nih.gov/10845730/; BenMenachem2000|https://pubmed.ncbi.nlm.nih.gov/11051122/,Zhou2007|https://pubmed.ncbi.nlm.nih.gov/18024209/
new_pubmed_phase_ii_iii_rct-5b3658191b8d,high,new_pubmed_phase_ii_iii_rct,levetiracetam,PubMed,pubmed_phase_ii_iii_rct_links,True,False,New qualifying placebo-controlled randomized phase II/III ASM trial report: Onset of action of levetiracetam: a RCT trial using therapeutic intensive seizure analysis (TISA).,https://pubmed.ncbi.nlm.nih.gov/16529615/,PeterDerex2022|https://pubmed.ncbi.nlm.nih.gov/35963261/; Wu2018|https://pubmed.ncbi.nlm.nih.gov/30525116/; Navarro2015|https://pubmed.ncbi.nlm.nih.gov/26627366/; Larsson2012|https://pubmed.ncbi.nlm.nih.gov/22494796/; Fattore2011|https://pubmed.ncbi.nlm.nih.gov/21320119/; Xiao2009|https://pubmed.ncbi.nlm.nih.gov/19176965/; PinaGarza2009|https://pubmed.ncbi.nlm.nih.gov/19243423/; Peltola2009|https://pubmed.ncbi.nlm.nih.gov/19317886/; Wu2008|https://pubmed.ncbi.nlm.nih.gov/18657175/; Berkovic2007|https://pubmed.ncbi.nlm.nih.gov/17625106/; Tsai2006|https://pubmed.ncbi.nlm.nih.gov/16417534/; Glauser2006|https://pubmed.ncbi.nlm.nih.gov/16641323/; Boon2002|https://pubmed.ncbi.nlm.nih.gov/11823112/; Shorvon2000|https://pubmed.ncbi.nlm.nih.gov/10999557/; Cereghino2000|https://pubmed.ncbi.nlm.nih.gov/10908898/; Betts2000|https://pubmed.ncbi.nlm.nih.gov/10845730/; BenMenachem2000|https://pubmed.ncbi.nlm.nih.gov/11051122/,Stefan2006|https://pubmed.ncbi.nlm.nih.gov/16529615/
new_pubmed_phase_ii_iii_rct-9fb1d178b578,high,new_pubmed_phase_ii_iii_rct,levetiracetam,PubMed,pubmed_phase_ii_iii_rct_links,True,False,New qualifying placebo-controlled randomized phase II/III ASM trial report: Effect of levetiracetam on epilepsy-related quality of life. N132 Study Group.,https://pubmed.ncbi.nlm.nih.gov/10897159/,PeterDerex2022|https://pubmed.ncbi.nlm.nih.gov/35963261/; Wu2018|https://pubmed.ncbi.nlm.nih.gov/30525116/; Navarro2015|https://pubmed.ncbi.nlm.nih.gov/26627366/; Larsson2012|https://pubmed.ncbi.nlm.nih.gov/22494796/; Fattore2011|https://pubmed.ncbi.nlm.nih.gov/21320119/; Xiao2009|https://pubmed.ncbi.nlm.nih.gov/19176965/; PinaGarza2009|https://pubmed.ncbi.nlm.nih.gov/19243423/; Peltola2009|https://pubmed.ncbi.nlm.nih.gov/19317886/; Wu2008|https://pubmed.ncbi.nlm.nih.gov/18657175/; Berkovic2007|https://pubmed.ncbi.nlm.nih.gov/17625106/; Tsai2006|https://pubmed.ncbi.nlm.nih.gov/16417534/; Glauser2006|https://pubmed.ncbi.nlm.nih.gov/16641323/; Boon2002|https://pubmed.ncbi.nlm.nih.gov/11823112/; Shorvon2000|https://pubmed.ncbi.nlm.nih.gov/10999557/; Cereghino2000|https://pubmed.ncbi.nlm.nih.gov/10908898/; Betts2000|https://pubmed.ncbi.nlm.nih.gov/10845730/; BenMenachem2000|https://pubmed.ncbi.nlm.nih.gov/11051122/,Cramer2000|https://pubmed.ncbi.nlm.nih.gov/10897159/
rct_pubmed_concordance_problem-51f446cddcae,high,rct_pubmed_concordance_problem,levetiracetam,PubMed,pubmed_phase_ii_iii_rct_links,False,True,Existing RCT link may be assigned to the wrong drug or may not meet the phase II/III placebo-controlled randomized epilepsy criteria: title lacks primary randomized/placebo/phase trial language.,https://pubmed.ncbi.nlm.nih.gov/19176965/,Xiao2009|https://pubmed.ncbi.nlm.nih.gov/19176965/,update_check on 07-12-2026: PMID 19176965 needs manual review for levetiracetam; PubMed validation reason: title lacks primary randomized/placebo/phase trial language.
rct_pubmed_concordance_problem-65197cd6d5ec,high,rct_pubmed_concordance_problem,levetiracetam,PubMed,pubmed_phase_ii_iii_rct_links,False,True,Existing RCT link may be assigned to the wrong drug or may not meet the phase II/III placebo-controlled randomized epilepsy criteria: title lacks primary randomized/placebo/phase trial language.,https://pubmed.ncbi.nlm.nih.gov/19243423/,PinaGarza2009|https://pubmed.ncbi.nlm.nih.gov/19243423/,update_check on 07-12-2026: PMID 19243423 needs manual review for levetiracetam; PubMed validation reason: title lacks primary randomized/placebo/phase trial language.
new_or_missing_approved_asm-a88f18de4d91,high,new_or_missing_approved_asm,levetiracetam oral,FDA/openFDA,generic_name,True,False,Medication candidate 'levetiracetam oral' was found in external source(s) but not in ASM-list.csv. FDA/openFDA confirmation supports adding a skeletal row. Evidence: openFDA label indication text matched 'partial-onset seizures'; effective_time=20240803,https://api.fda.gov/drug/label.json?search=indications_and_usage%3A%22partial-onset+seizures%22&limit=100,,levetiracetam oral
new_or_missing_approved_asm-e736462ff1bf,high,new_or_missing_approved_asm,methadone,FDA/openFDA,generic_name,True,False,Medication candidate 'methadone' was found in external source(s) but not in ASM-list.csv. FDA/openFDA confirmation supports adding a skeletal row. Evidence: openFDA label indication text matched 'seizure'; effective_time=20251231,https://api.fda.gov/drug/label.json?search=indications_and_usage%3A%22seizure%22&limit=100,,methadone
new_pubmed_phase_ii_iii_rct-0ecabda8188f,high,new_pubmed_phase_ii_iii_rct,perampanel,PubMed,pubmed_phase_ii_iii_rct_links,True,False,New qualifying placebo-controlled randomized phase II/III ASM trial report: Cognitive effects of adjunctive perampanel for partial-onset seizures: A randomized trial.,https://pubmed.ncbi.nlm.nih.gov/26724782/,Vossler2024|https://pubmed.ncbi.nlm.nih.gov/39576191/; Nishida2017|https://pubmed.ncbi.nlm.nih.gov/29250772/; Lagae2016|https://pubmed.ncbi.nlm.nih.gov/27221398/; French2015|https://pubmed.ncbi.nlm.nih.gov/26296511/; Belousova2014|https://pubmed.ncbi.nlm.nih.gov/25345628/; Krauss2012|https://pubmed.ncbi.nlm.nih.gov/22517103/; French2012b|https://pubmed.ncbi.nlm.nih.gov/22905857/; French2012|https://pubmed.ncbi.nlm.nih.gov/22843280/,Meador2016|https://pubmed.ncbi.nlm.nih.gov/26724782/
new_pubmed_phase_ii_iii_rct-1584ae761e3f,high,new_pubmed_phase_ii_iii_rct,perampanel,PubMed,pubmed_phase_ii_iii_rct_links,True,False,New qualifying placebo-controlled randomized phase II/III ASM trial report: Lack of effect of perampanel on QT interval duration: Results from a thorough QT analysis and pooled partial seizure Phase III clinical trials.,https://pubmed.ncbi.nlm.nih.gov/26088895/,Vossler2024|https://pubmed.ncbi.nlm.nih.gov/39576191/; Nishida2017|https://pubmed.ncbi.nlm.nih.gov/29250772/; Lagae2016|https://pubmed.ncbi.nlm.nih.gov/27221398/; French2015|https://pubmed.ncbi.nlm.nih.gov/26296511/; Belousova2014|https://pubmed.ncbi.nlm.nih.gov/25345628/; Krauss2012|https://pubmed.ncbi.nlm.nih.gov/22517103/; French2012b|https://pubmed.ncbi.nlm.nih.gov/22905857/; French2012|https://pubmed.ncbi.nlm.nih.gov/22843280/,Yang2015|https://pubmed.ncbi.nlm.nih.gov/26088895/
new_or_missing_approved_asm-45ca6bce587b,high,new_or_missing_approved_asm,phenobarbital sodium,FDA/openFDA,generic_name,True,False,Medication candidate 'phenobarbital sodium' was found in external source(s) but not in ASM-list.csv. FDA/openFDA confirmation supports adding a skeletal row. Evidence: openFDA label indication text matched 'status epilepticus'; effective_time=20251105,https://api.fda.gov/drug/label.json?search=indications_and_usage%3A%22status+epilepticus%22&limit=100,,phenobarbital sodium
new_pubmed_phase_ii_iii_rct-62aa3a8f4e16,high,new_pubmed_phase_ii_iii_rct,phenytoin,PubMed,pubmed_phase_ii_iii_rct_links,True,False,"New qualifying placebo-controlled randomized phase II/III ASM trial report: A double-blind, placebo-controlled interaction study between oxcarbazepine and carbamazepine, sodium valproate and phenytoin in epileptic patients.",https://pubmed.ncbi.nlm.nih.gov/8148215/,Young2004|https://pubmed.ncbi.nlm.nih.gov/15039684/; DeSantis2002|https://pubmed.ncbi.nlm.nih.gov/11903465/; Dikmen1991|https://pubmed.ncbi.nlm.nih.gov/1995974/; Temkin1990|https://pubmed.ncbi.nlm.nih.gov/2115976/; Bacon1981|https://pubmed.ncbi.nlm.nih.gov/6116084/; North1980|https://pubmed.ncbi.nlm.nih.gov/6101843/,McKee1994|https://pubmed.ncbi.nlm.nih.gov/8148215/
new_pubmed_phase_ii_iii_rct-27e4f41b19a7,high,new_pubmed_phase_ii_iii_rct,phenytoin,PubMed,pubmed_phase_ii_iii_rct_links,True,False,"New qualifying placebo-controlled randomized phase II/III ASM trial report: The administration of folic acid to institutionalized epileptic adults with phenytoin-induced gingival hyperplasia. A double-blind, randomized, placebo-controlled, parallel study.",https://pubmed.ncbi.nlm.nih.gov/1828561/,Young2004|https://pubmed.ncbi.nlm.nih.gov/15039684/; DeSantis2002|https://pubmed.ncbi.nlm.nih.gov/11903465/; Dikmen1991|https://pubmed.ncbi.nlm.nih.gov/1995974/; Temkin1990|https://pubmed.ncbi.nlm.nih.gov/2115976/; Bacon1981|https://pubmed.ncbi.nlm.nih.gov/6116084/; North1980|https://pubmed.ncbi.nlm.nih.gov/6101843/,Brown1991|https://pubmed.ncbi.nlm.nih.gov/1828561/
new_or_missing_approved_asm-5f652acc7fe2,high,new_or_missing_approved_asm,phenytoin sodium,FDA/openFDA,generic_name,True,False,Medication candidate 'phenytoin sodium' was found in external source(s) but not in ASM-list.csv. FDA/openFDA confirmation supports adding a skeletal row. Evidence: openFDA label indication text matched 'status epilepticus'; effective_time=20240409,https://api.fda.gov/drug/label.json?search=indications_and_usage%3A%22status+epilepticus%22&limit=100,,phenytoin sodium
rct_pubmed_concordance_problem-176cdd899650,high,rct_pubmed_concordance_problem,pregabalin,PubMed,pubmed_phase_ii_iii_rct_links,False,True,Existing RCT link may be assigned to the wrong drug or may not meet the phase II/III placebo-controlled randomized epilepsy criteria: title lacks primary randomized/placebo/phase trial language.,https://pubmed.ncbi.nlm.nih.gov/20696552/,Baulac2010|https://pubmed.ncbi.nlm.nih.gov/20696552/,update_check on 07-12-2026: PMID 20696552 needs manual review for pregabalin; PubMed validation reason: title lacks primary randomized/placebo/phase trial language.
rct_pubmed_concordance_problem-385e6ba23633,high,rct_pubmed_concordance_problem,pregabalin,PubMed,pubmed_phase_ii_iii_rct_links,False,True,Existing RCT link may be assigned to the wrong drug or may not meet the phase II/III placebo-controlled randomized epilepsy criteria: drug appears in title but not as primary intervention.,https://pubmed.ncbi.nlm.nih.gov/15699378/,Beydoun2005|https://pubmed.ncbi.nlm.nih.gov/15699378/,update_check on 07-12-2026: PMID 15699378 needs manual review for pregabalin; PubMed validation reason: drug appears in title but not as primary intervention.
rct_pubmed_concordance_problem-8768a285d33a,high,rct_pubmed_concordance_problem,rufinamide,PubMed,pubmed_phase_ii_iii_rct_links,False,True,Existing RCT link may be assigned to the wrong drug or may not meet the phase II/III placebo-controlled randomized epilepsy criteria: title lacks primary randomized/placebo/phase trial language.,https://pubmed.ncbi.nlm.nih.gov/18401024/,Glauser2008|https://pubmed.ncbi.nlm.nih.gov/18401024/,update_check on 07-12-2026: PMID 18401024 needs manual review for rufinamide; PubMed validation reason: title lacks primary randomized/placebo/phase trial language.
rct_pubmed_concordance_problem-062124a36e11,high,rct_pubmed_concordance_problem,sultiame,PubMed,pubmed_phase_ii_iii_rct_links,False,True,Existing RCT link may be assigned to the wrong drug or may not meet the phase II/III placebo-controlled randomized epilepsy criteria: title lacks seizure/epilepsy context.,https://pubmed.ncbi.nlm.nih.gov/14738417/,Debus2004|https://pubmed.ncbi.nlm.nih.gov/14738417/,update_check on 07-12-2026: PMID 14738417 needs manual review for sultiame; PubMed validation reason: title lacks seizure/epilepsy context.
rct_pubmed_concordance_problem-bd4809ed0a9a,high,rct_pubmed_concordance_problem,tiagabine,PubMed,pubmed_phase_ii_iii_rct_links,False,True,Existing RCT link may be assigned to the wrong drug or may not meet the phase II/III placebo-controlled randomized epilepsy criteria: title lacks primary randomized/placebo/phase trial language.,https://pubmed.ncbi.nlm.nih.gov/9152116/,Sachdeo1997|https://pubmed.ncbi.nlm.nih.gov/9152116/,update_check on 07-12-2026: PMID 9152116 needs manual review for tiagabine; PubMed validation reason: title lacks primary randomized/placebo/phase trial language.
new_pubmed_phase_ii_iii_rct-8b994db9a357,high,new_pubmed_phase_ii_iii_rct,topiramate,PubMed,pubmed_phase_ii_iii_rct_links,True,False,"New qualifying placebo-controlled randomized phase II/III ASM trial report: A randomized, double-blind, placebo-controlled trial of topiramate in adults with epilepsy and intellectual disability: impact on seizures, severity, and quality of life.",https://pubmed.ncbi.nlm.nih.gov/16140593/,Zhang2011|https://pubmed.ncbi.nlm.nih.gov/21672344/; Novotny2010|https://pubmed.ncbi.nlm.nih.gov/20089937/; Guberman2002|https://pubmed.ncbi.nlm.nih.gov/12225311/; Yen2000|https://pubmed.ncbi.nlm.nih.gov/10999555/; Sachdeo1999|https://pubmed.ncbi.nlm.nih.gov/10371538/; PMID1999|https://pubmed.ncbi.nlm.nih.gov/10612342/; Elterman1999|https://pubmed.ncbi.nlm.nih.gov/10227615/; Biton1999|https://pubmed.ncbi.nlm.nih.gov/10227614/; Faught1997|https://pubmed.ncbi.nlm.nih.gov/9092954/; Tassinari1996|https://pubmed.ncbi.nlm.nih.gov/8764816/; Sharief1996|https://pubmed.ncbi.nlm.nih.gov/8956919/; Privitera1996|https://pubmed.ncbi.nlm.nih.gov/8649569/; Faught1996|https://pubmed.ncbi.nlm.nih.gov/8649570/; BenMenachem1996|https://pubmed.ncbi.nlm.nih.gov/8641230/,Kerr2005|https://pubmed.ncbi.nlm.nih.gov/16140593/
rct_pubmed_concordance_problem-00be9c4a6928,high,rct_pubmed_concordance_problem,topiramate,PubMed,pubmed_phase_ii_iii_rct_links,False,True,Existing RCT link may be assigned to the wrong drug or may not meet the phase II/III placebo-controlled randomized epilepsy criteria: title lacks primary randomized/placebo/phase trial language.,https://pubmed.ncbi.nlm.nih.gov/21672344/,Zhang2011|https://pubmed.ncbi.nlm.nih.gov/21672344/,update_check on 07-12-2026: PMID 21672344 needs manual review for topiramate; PubMed validation reason: title lacks primary randomized/placebo/phase trial language.
rct_pubmed_concordance_problem-40909b3dfcc3,high,rct_pubmed_concordance_problem,topiramate,PubMed,pubmed_phase_ii_iii_rct_links,False,True,Existing RCT link may be assigned to the wrong drug or may not meet the phase II/III placebo-controlled randomized epilepsy criteria: title lacks primary randomized/placebo/phase trial language.,https://pubmed.ncbi.nlm.nih.gov/12225311/,Guberman2002|https://pubmed.ncbi.nlm.nih.gov/12225311/,update_check on 07-12-2026: PMID 12225311 needs manual review for topiramate; PubMed validation reason: title lacks primary randomized/placebo/phase trial language.
new_or_missing_approved_asm-746f68877bf7,high,new_or_missing_approved_asm,topiramate spinkle,FDA/openFDA,generic_name,True,False,Medication candidate 'topiramate spinkle' was found in external source(s) but not in ASM-list.csv. FDA/openFDA confirmation supports adding a skeletal row. Evidence: openFDA label indication text matched 'lennox-gastaut'; effective_time=20251225,https://api.fda.gov/drug/label.json?search=indications_and_usage%3A%22lennox-gastaut%22&limit=100,,topiramate spinkle
rct_pubmed_concordance_problem-502ee9595b13,high,rct_pubmed_concordance_problem,valproic acid,PubMed,pubmed_phase_ii_iii_rct_links,False,True,Existing RCT link may be assigned to the wrong drug or may not meet the phase II/III placebo-controlled randomized epilepsy criteria: title lacks primary randomized/placebo/phase trial language.,https://pubmed.ncbi.nlm.nih.gov/8559420/,Willmore1996|https://pubmed.ncbi.nlm.nih.gov/8559420/,update_check on 07-12-2026: PMID 8559420 needs manual review for valproic acid; PubMed validation reason: title lacks primary randomized/placebo/phase trial language.
new_pubmed_phase_ii_iii_rct-47c09f4139bd,high,new_pubmed_phase_ii_iii_rct,vigabatrin,PubMed,pubmed_phase_ii_iii_rct_links,True,False,"New qualifying placebo-controlled randomized phase II/III ASM trial report: Comment on ""Safety and efficacy of vigabatrin add on compared to placebo in Lennox-Gastaut syndrome (LennoVig): A single center randomized double-blind placebo-controlled trial"".",https://pubmed.ncbi.nlm.nih.gov/41864166/,Kalita2025|https://pubmed.ncbi.nlm.nih.gov/41500178/; Bebin2023|https://pubmed.ncbi.nlm.nih.gov/37638552/; Bruni2000|https://pubmed.ncbi.nlm.nih.gov/10777431/; Dean1999|https://pubmed.ncbi.nlm.nih.gov/9924905/; Appleton1999|https://pubmed.ncbi.nlm.nih.gov/10565592/; Beran1996|https://pubmed.ncbi.nlm.nih.gov/8952010/; Jackson1994|https://pubmed.ncbi.nlm.nih.gov/7957035/; Grunewald1994|https://pubmed.ncbi.nlm.nih.gov/8089668/; Gillham1993|https://pubmed.ncbi.nlm.nih.gov/8270925/; PMID1992|https://pubmed.ncbi.nlm.nih.gov/1483856/; Cosi1989|https://pubmed.ncbi.nlm.nih.gov/2757911/; Cosi1988|https://pubmed.ncbi.nlm.nih.gov/3130253/; Tassinari1987|https://pubmed.ncbi.nlm.nih.gov/2887152/; Tartara1986|https://pubmed.ncbi.nlm.nih.gov/3536469/; Loiseau1986|https://pubmed.ncbi.nlm.nih.gov/3514204/; Rimmer1984|https://pubmed.ncbi.nlm.nih.gov/6141335/,Mantry2026|https://pubmed.ncbi.nlm.nih.gov/41864166/
new_pubmed_phase_ii_iii_rct-fe1cea84b7d2,high,new_pubmed_phase_ii_iii_rct,vigabatrin,PubMed,pubmed_phase_ii_iii_rct_links,True,False,"New qualifying placebo-controlled randomized phase II/III ASM trial report: Comment on ""Safety and efficacy of vigabatrin add on compared to placebo in Lennox-Gastaut syndrome (LennoVig): A single center randomized double-blind placebo-controlled trial"".",https://pubmed.ncbi.nlm.nih.gov/41735087/,Kalita2025|https://pubmed.ncbi.nlm.nih.gov/41500178/; Bebin2023|https://pubmed.ncbi.nlm.nih.gov/37638552/; Bruni2000|https://pubmed.ncbi.nlm.nih.gov/10777431/; Dean1999|https://pubmed.ncbi.nlm.nih.gov/9924905/; Appleton1999|https://pubmed.ncbi.nlm.nih.gov/10565592/; Beran1996|https://pubmed.ncbi.nlm.nih.gov/8952010/; Jackson1994|https://pubmed.ncbi.nlm.nih.gov/7957035/; Grunewald1994|https://pubmed.ncbi.nlm.nih.gov/8089668/; Gillham1993|https://pubmed.ncbi.nlm.nih.gov/8270925/; PMID1992|https://pubmed.ncbi.nlm.nih.gov/1483856/; Cosi1989|https://pubmed.ncbi.nlm.nih.gov/2757911/; Cosi1988|https://pubmed.ncbi.nlm.nih.gov/3130253/; Tassinari1987|https://pubmed.ncbi.nlm.nih.gov/2887152/; Tartara1986|https://pubmed.ncbi.nlm.nih.gov/3536469/; Loiseau1986|https://pubmed.ncbi.nlm.nih.gov/3514204/; Rimmer1984|https://pubmed.ncbi.nlm.nih.gov/6141335/,Awasthi2026|https://pubmed.ncbi.nlm.nih.gov/41735087/
new_pubmed_phase_ii_iii_rct-b072cf5cadf9,high,new_pubmed_phase_ii_iii_rct,vigabatrin,PubMed,pubmed_phase_ii_iii_rct_links,True,False,"New qualifying placebo-controlled randomized phase II/III ASM trial report: Comment on ""safety and efficacy of vigabatrin add on compared to placebo in Lennox-Gastaut syndrome (LennoVig): A single center randomized double-blind placebo-controlled trial"".",https://pubmed.ncbi.nlm.nih.gov/41679982/,Kalita2025|https://pubmed.ncbi.nlm.nih.gov/41500178/; Bebin2023|https://pubmed.ncbi.nlm.nih.gov/37638552/; Bruni2000|https://pubmed.ncbi.nlm.nih.gov/10777431/; Dean1999|https://pubmed.ncbi.nlm.nih.gov/9924905/; Appleton1999|https://pubmed.ncbi.nlm.nih.gov/10565592/; Beran1996|https://pubmed.ncbi.nlm.nih.gov/8952010/; Jackson1994|https://pubmed.ncbi.nlm.nih.gov/7957035/; Grunewald1994|https://pubmed.ncbi.nlm.nih.gov/8089668/; Gillham1993|https://pubmed.ncbi.nlm.nih.gov/8270925/; PMID1992|https://pubmed.ncbi.nlm.nih.gov/1483856/; Cosi1989|https://pubmed.ncbi.nlm.nih.gov/2757911/; Cosi1988|https://pubmed.ncbi.nlm.nih.gov/3130253/; Tassinari1987|https://pubmed.ncbi.nlm.nih.gov/2887152/; Tartara1986|https://pubmed.ncbi.nlm.nih.gov/3536469/; Loiseau1986|https://pubmed.ncbi.nlm.nih.gov/3514204/; Rimmer1984|https://pubmed.ncbi.nlm.nih.gov/6141335/,Xu2026|https://pubmed.ncbi.nlm.nih.gov/41679982/
new_pubmed_phase_ii_iii_rct-efda04b48f2e,high,new_pubmed_phase_ii_iii_rct,vigabatrin,PubMed,pubmed_phase_ii_iii_rct_links,True,False,New qualifying placebo-controlled randomized phase II/III ASM trial report: Effects of differing dosages of vigabatrin (Sabril) on cognitive abilities and quality of life in epilepsy.,https://pubmed.ncbi.nlm.nih.gov/7821274/,Kalita2025|https://pubmed.ncbi.nlm.nih.gov/41500178/; Bebin2023|https://pubmed.ncbi.nlm.nih.gov/37638552/; Bruni2000|https://pubmed.ncbi.nlm.nih.gov/10777431/; Dean1999|https://pubmed.ncbi.nlm.nih.gov/9924905/; Appleton1999|https://pubmed.ncbi.nlm.nih.gov/10565592/; Beran1996|https://pubmed.ncbi.nlm.nih.gov/8952010/; Jackson1994|https://pubmed.ncbi.nlm.nih.gov/7957035/; Grunewald1994|https://pubmed.ncbi.nlm.nih.gov/8089668/; Gillham1993|https://pubmed.ncbi.nlm.nih.gov/8270925/; PMID1992|https://pubmed.ncbi.nlm.nih.gov/1483856/; Cosi1989|https://pubmed.ncbi.nlm.nih.gov/2757911/; Cosi1988|https://pubmed.ncbi.nlm.nih.gov/3130253/; Tassinari1987|https://pubmed.ncbi.nlm.nih.gov/2887152/; Tartara1986|https://pubmed.ncbi.nlm.nih.gov/3536469/; Loiseau1986|https://pubmed.ncbi.nlm.nih.gov/3514204/; Rimmer1984|https://pubmed.ncbi.nlm.nih.gov/6141335/,Dodrill1995|https://pubmed.ncbi.nlm.nih.gov/7821274/
new_pubmed_phase_ii_iii_rct-48da107d2354,high,new_pubmed_phase_ii_iii_rct,vigabatrin,PubMed,pubmed_phase_ii_iii_rct_links,True,False,New qualifying placebo-controlled randomized phase II/III ASM trial report: Evaluation of the effects of vigabatrin on cognitive abilities and quality of life in epilepsy.,https://pubmed.ncbi.nlm.nih.gov/8255447/,Kalita2025|https://pubmed.ncbi.nlm.nih.gov/41500178/; Bebin2023|https://pubmed.ncbi.nlm.nih.gov/37638552/; Bruni2000|https://pubmed.ncbi.nlm.nih.gov/10777431/; Dean1999|https://pubmed.ncbi.nlm.nih.gov/9924905/; Appleton1999|https://pubmed.ncbi.nlm.nih.gov/10565592/; Beran1996|https://pubmed.ncbi.nlm.nih.gov/8952010/; Jackson1994|https://pubmed.ncbi.nlm.nih.gov/7957035/; Grunewald1994|https://pubmed.ncbi.nlm.nih.gov/8089668/; Gillham1993|https://pubmed.ncbi.nlm.nih.gov/8270925/; PMID1992|https://pubmed.ncbi.nlm.nih.gov/1483856/; Cosi1989|https://pubmed.ncbi.nlm.nih.gov/2757911/; Cosi1988|https://pubmed.ncbi.nlm.nih.gov/3130253/; Tassinari1987|https://pubmed.ncbi.nlm.nih.gov/2887152/; Tartara1986|https://pubmed.ncbi.nlm.nih.gov/3536469/; Loiseau1986|https://pubmed.ncbi.nlm.nih.gov/3514204/; Rimmer1984|https://pubmed.ncbi.nlm.nih.gov/6141335/,Dodrill1993|https://pubmed.ncbi.nlm.nih.gov/8255447/
rct_pubmed_concordance_problem-fddc41c5c7f9,high,rct_pubmed_concordance_problem,vigabatrin,PubMed,pubmed_phase_ii_iii_rct_links,False,True,Existing RCT link may be assigned to the wrong drug or may not meet the phase II/III placebo-controlled randomized epilepsy criteria: title lacks primary randomized/placebo/phase trial language.,https://pubmed.ncbi.nlm.nih.gov/9924905/,Dean1999|https://pubmed.ncbi.nlm.nih.gov/9924905/,update_check on 07-12-2026: PMID 9924905 needs manual review for vigabatrin; PubMed validation reason: title lacks primary randomized/placebo/phase trial language.
trade_name_addition-80b09f4bc87e,medium,trade_name_addition,carbamazepine,FDA/openFDA,trade_names,True,False,Source labels mention trade name(s) not present in CSV: Carbamazepine.,https://api.fda.gov/drug/label.json?search=indications_and_usage%3A%22epilepsy%22&limit=100,Carbatrol; Curatil; Epitol; Equetro; Tegretol; Tegretol Prolonged Release; Tegretol-XR,Carbamazepine
trade_name_addition-d7fbe265b120,medium,trade_name_addition,clobazam,FDA/openFDA,trade_names,True,False,Source labels mention trade name(s) not present in CSV: Clobazam.,https://api.fda.gov/drug/label.json?search=indications_and_usage%3A%22lennox-gastaut%22&limit=100,Frisium; Onfi; Perizam; Sympazan; Tapclob; Zacco,Clobazam
trade_name_addition-9d9fdd5fe630,medium,trade_name_addition,clonazepam,FDA/openFDA,trade_names,True,False,Source labels mention trade name(s) not present in CSV: Clonazepam.,https://api.fda.gov/drug/label.json?search=indications_and_usage%3A%22seizure%22&limit=100,Klonopin; Rivotril,Clonazepam
trade_name_addition-380a63bc09f2,medium,trade_name_addition,diazepam,FDA/openFDA,trade_names,True,False,Source labels mention trade name(s) not present in CSV: Diazepam.,https://api.fda.gov/drug/label.json?search=indications_and_usage%3A%22status+epilepticus%22&limit=100,Diastat; Diastat AcuDial; Libervant; Valtoco; Valium,Diazepam
trade_name_addition-eecdc77cd0e9,medium,trade_name_addition,everolimus,FDA/openFDA,trade_names,True,False,Source labels mention trade name(s) not present in CSV: Everolimus.,https://api.fda.gov/drug/label.json?search=indications_and_usage%3A%22partial-onset+seizures%22&limit=100,Afinitor; Afinitor Disperz; Votubia; Zortress,Everolimus
trade_name_addition-51c562e53f69,medium,trade_name_addition,felbamate,FDA/openFDA,trade_names,True,False,Source labels mention trade name(s) not present in CSV: Felbamate.,https://api.fda.gov/drug/label.json?search=indications_and_usage%3A%22lennox-gastaut%22&limit=100,Felbatol; Taloxa,Felbamate
trade_name_addition-619f37758614,medium,trade_name_addition,fosphenytoin,FDA/openFDA,trade_names,True,False,Source labels mention trade name(s) not present in CSV: Fosphenytoin sodium.,https://api.fda.gov/drug/label.json?search=indications_and_usage%3A%22status+epilepticus%22&limit=100,Cerebyx; Pro-Epanutin; Sesquient,Fosphenytoin sodium
trade_name_addition-66aae1378305,medium,trade_name_addition,gabapentin,FDA/openFDA,trade_names,True,False,Source labels mention trade name(s) not present in CSV: Gabapentin.,https://api.fda.gov/drug/label.json?search=indications_and_usage%3A%22epilepsy%22&limit=100,Gralise; Neurontin,Gabapentin
trade_name_addition-d6d72b750501,medium,trade_name_addition,lacosamide,FDA/openFDA,trade_names,True,False,Source labels mention trade name(s) not present in CSV: LACOSAMIDE.,https://api.fda.gov/drug/label.json?search=indications_and_usage%3A%22partial-onset+seizures%22&limit=100,Motpoly XR; Vimpat,LACOSAMIDE
trade_name_addition-589b0cceb967,medium,trade_name_addition,lamotrigine,FDA/openFDA,trade_names,True,False,Source labels mention trade name(s) not present in CSV: Lamotrigine.,https://api.fda.gov/drug/label.json?search=indications_and_usage%3A%22epilepsy%22&limit=100,Lamictal; Lamictal CD; Lamictal ODT; Lamictal XR; Logem,Lamotrigine
trade_name_addition-387ee4518629,medium,trade_name_addition,levetiracetam,FDA/openFDA,trade_names,True,False,Source labels mention trade name(s) not present in CSV: Levetiracetam.,https://api.fda.gov/drug/label.json?search=indications_and_usage%3A%22epilepsy%22&limit=100,Desitrend; Eltam; Elepsia XR; Keppra; Keppra XR; Roweepra; Roweepra XR; Spritam,Levetiracetam
trade_name_addition-b9b43c47fc78,medium,trade_name_addition,lorazepam,FDA/openFDA,trade_names,True,False,Source labels mention trade name(s) not present in CSV: Lorazepam.,https://api.fda.gov/drug/label.json?search=indications_and_usage%3A%22status+epilepticus%22&limit=100,Ativan; Loreev XR,Lorazepam
trade_name_addition-a3cf54269cd5,medium,trade_name_addition,oxcarbazepine,FDA/openFDA,trade_names,True,False,Source labels mention trade name(s) not present in CSV: OXCARBAZEPINE.,https://api.fda.gov/drug/label.json?search=indications_and_usage%3A%22partial-onset+seizures%22&limit=100,Oxtellar XR; Trileptal,OXCARBAZEPINE
trade_name_addition-38974123d586,medium,trade_name_addition,pregabalin,FDA/openFDA,trade_names,True,False,Source labels mention trade name(s) not present in CSV: PREGABALIN.,https://api.fda.gov/drug/label.json?search=indications_and_usage%3A%22partial-onset+seizures%22&limit=100,Alzain; Lyrica; Lyrica CR; Misabri PR,PREGABALIN
trade_name_addition-c2f2f0a16dd3,medium,trade_name_addition,topiramate,FDA/openFDA,trade_names,True,False,Source labels mention trade name(s) not present in CSV: Topiramate.,https://api.fda.gov/drug/label.json?search=indications_and_usage%3A%22epilepsy%22&limit=100,Eprontia; Qudexy XR; Topamax; Topamax Sprinkle; Trokendi XR,Topiramate
trade_name_addition-a8472b310f45,medium,trade_name_addition,valproic acid,FDA/openFDA,trade_names,True,False,Source labels mention trade name(s) not present in CSV: Divalproex Sodium.,https://api.fda.gov/drug/label.json?search=indications_and_usage%3A%22epilepsy%22&limit=100,Convulex; Depacon; Depakene; Depakine; Depakote; Depakote CP; Depakote ER; Depakote Sprinkle Capsules; Depakote Sprinkles; Depakyn; Dyzantil; Epilim Chrono; Epilim Chronosphere; Epival; Stavzor; Valproate Sodium; Depamide,Divalproex Sodium
trade_name_addition-f93cdba993e7,medium,trade_name_addition,valproic acid,FDA/openFDA,trade_names,True,False,Source labels mention trade name(s) not present in CSV: Valproic Acid.,https://api.fda.gov/drug/label.json?search=indications_and_usage%3A%22seizure%22&limit=100,Convulex; Depacon; Depakene; Depakine; Depakote; Depakote CP; Depakote ER; Depakote Sprinkle Capsules; Depakote Sprinkles; Depakyn; Dyzantil; Epilim Chrono; Epilim Chronosphere; Epival; Stavzor; Valproate Sodium; Depamide,Valproic Acid
trade_name_addition-442b609d32cd,medium,trade_name_addition,zonisamide,FDA/openFDA,trade_names,True,False,Source labels mention trade name(s) not present in CSV: Zonisamide.,https://api.fda.gov/drug/label.json?search=indications_and_usage%3A%22epilepsy%22&limit=100,Desizon; Zonegran; Zonisade,Zonisamide
source_error-05128d12cce6,warning,source_error,,FDA/openFDA,,False,False,offline mode and no cached response for https://api.fda.gov/drug/label.json?search=active_ingredient%3A%22acetazolamide%22&limit=10,https://open.fda.gov/apis/drug/label/,,
source_error-04081c906f39,warning,source_error,,PubMed,,False,False,offline mode and no cached response for https://eutils.ncbi.nlm.nih.gov/entrez/eutils/esearch.fcgi?db=pubmed&retmode=json&retmax=500&sort=pub+date&term=%28%28%22acetazolamide%22%5BTitle%2FAbstract%5D+OR+%22acetazolamide%22%5BAll+Fields%5D+OR+%22acetazolamide+sodium%22%5BTitle%2FAbstract%5D+OR+%22acetazolamide+sodium%22%5BAll+Fields%5D+OR+%22Diamox%22%5BTitle%2FAbstract%5D+OR+%22Diamox%22%5BAll+Fields%5D+OR+%22Diamox+Sequels%22%5BTitle%2FAbstract%5D+OR+%22Diamox+Sequels%22%5BAll+Fields%5D%29+AND+%28%22epilepsy%22%5BTitle%2FAbstract%5D+OR+%22epilepsies%22%5BTitle%2FAbstract%5D+OR+%22epileptic%22%5BTitle%2FAbstract%5D+OR+%22seizure%22%5BTitle%2FAbstract%5D+OR+%22seizures%22%5BTitle%2FAbstract%5D+OR+%22infantile+spasm%22%5BTitle%2FAbstract%5D+OR+%22infantile+spasms%22%5BTitle%2FAbstract%5D+OR+%22lennox%22%5BTitle%2FAbstract%5D+OR+%22dravet%22%5BTitle%2FAbstract%5D+OR+%22status+epilepticus%22%5BTitle%2FAbstract%5D+OR+%22tuberous+sclerosis%22%5BTitle%2FAbstract%5D%29+AND+%28%22placebo%22%5BTitle%2FAbstract%5D+OR+%22placebo-controlled%22%5BTitle%2FAbstract%5D+OR+%22placebo+controlled%22%5BTitle%2FAbstract%5D%29+AND+%28%22randomized%22%5BTitle%2FAbstract%5D+OR+%22randomised%22%5BTitle%2FAbstract%5D+OR+%22randomly%22%5BTitle%2FAbstract%5D+OR+%22randomized+controlled+trial%22%5BPublication+Type%5D+OR+%22random+allocation%22%5BMeSH+Terms%5D+OR+%22double-blind%22%5BTitle%2FAbstract%5D+OR+%22double+blind%22%5BTitle%2FAbstract%5D%29+AND+%28%22clinical+trial%22%5BPublication+Type%5D+OR+%22controlled+clinical+trial%22%5BPublication+Type%5D+OR+%22randomized+controlled+trial%22%5BPublication+Type%5D+OR+%22clinical+trial%2C+phase+ii%22%5BPublication+Type%5D+OR+%22clinical+trial%2C+phase+iii%22%5BPublication+Type%5D+OR+%22phase+2%22%5BTitle%2FAbstract%5D+OR+%22phase+II%22%5BTitle%2FAbstract%5D+OR+%22phase+3%22%5BTitle%2FAbstract%5D+OR+%22phase+III%22%5BTitle%2FAbstract%5D+OR+%22trial%22%5BTitle%2FAbstract%5D%29+NOT+%28%22review%22%5BPublication+Type%5D+OR+%22meta-analysis%22%5BPublication+Type%5D+OR+%22systematic+review%22%5BPublication+Type%5D%29%29,https://www.ncbi.nlm.nih.gov/books/NBK25501/,,
